Time (sec),T° 340,A1,A2,A3,A4,A5,A6,A7,A8,A9,A10,A11,A12,A13,A14,A15,A16,A17,A18,A19,A20,A21,A22,A23,A24,B1,B2,B3,B4,B5,B6,B7,B8,B9,B10,B11,B12,B13,B14,B15,B16,B17,B18,B19,B20,B21,B22,B23,B24,C1,C2,C3,C4,C5,C6,C7,C8,C9,C10,C11,C12,C13,C14,C15,C16,C17,C18,C19,C20,C21,C22,C23,C24,D1,D2,D3,D4,D5,D6,D7,D8,D9,D10,D11,D12,D13,D14,D15,D16,D17,D18,D19,D20,D21,D22,D23,D24,E1,E2,E3,E4,E5,E6,E7,E8,E9,E10,E11,E12,E13,E14,E15,E16,E17,E18,E19,E20,E21,E22,E23,E24,F1,F2,F3,F4,F5,F6,F7,F8,F9,F10,F11,F12,F13,F14,F15,F16,F17,F18,F19,F20,F21,F22,F23,F24,G1,G2,G3,G4,G5,G6,G7,G8,G9,G10,G11,G12,G13,G14,G15,G16,G17,G18,G19,G20,G21,G22,G23,G24,H1,H2,H3,H4,H5,H6,H7,H8,H9,H10,H11,H12,H13,H14,H15,H16,H17,H18,H19,H20,H21,H22,H23,H24,I1,I2,I3,I4,I5,I6,I7,I8,I9,I10,I11,I12,I13,I14,I15,I16,I17,I18,I19,I20,I21,I22,I23,I24,J1,J2,J3,J4,J5,J6,J7,J8,J9,J10,J11,J12,J13,J14,J15,J16,J17,J18,J19,J20,J21,J22,J23,J24,K1,K2,K3,K4,K5,K6,K7,K8,K9,K10,K11,K12,K13,K14,K15,K16,K17,K18,K19,K20,K21,K22,K23,K24,L1,L2,L3,L4,L5,L6,L7,L8,L9,L10,L11,L12,L13,L14,L15,L16,L17,L18,L19,L20,L21,L22,L23,L24,M1,M2,M3,M4,M5,M6,M7,M8,M9,M10,M11,M12,M13,M14,M15,M16,M17,M18,M19,M20,M21,M22,M23,M24,N1,N2,N3,N4,N5,N6,N7,N8,N9,N10,N11,N12,N13,N14,N15,N16,N17,N18,N19,N20,N21,N22,N23,N24,O1,O2,O3,O4,O5,O6,O7,O8,O9,O10,O11,O12,O13,O14,O15,O16,O17,O18,O19,O20,O21,O22,O23,O24,P1,P2,P3,P4,P5,P6,P7,P8,P9,P10,P11,P12,P13,P14,P15,P16,P17,P18,P19,P20,P21,P22,P23,P24
0,29,0.56,0.603,0.614,0.609,0.615,0.612,0.601,0.605,0.601,0.597,0.597,0.552,0.565,0.629,0.68,0.629,0.627,0.656,0.595,0.586,0.639,0.584,0.58,0.55,0.576,0.594,0.612,0.591,0.647,0.604,0.581,0.63,0.601,0.578,0.631,0.552,0.565,0.616,0.593,0.614,0.618,0.591,0.587,0.579,0.543,0.583,0.574,0.549,0.549,0.591,0.639,0.593,0.597,0.633,0.58,0.601,0.628,0.576,0.594,0.542,0.551,0.62,0.569,0.611,0.608,0.579,0.571,0.573,0.51,0.566,0.566,0.538,0.566,0.587,0.591,0.586,0.623,0.578,0.58,0.617,0.575,0.574,0.616,0.546,0.561,0.609,0.638,0.609,0.604,0.602,0.576,0.571,0.596,0.571,0.569,0.54,0.574,0.617,0.622,0.629,0.611,0.61,0.618,0.609,0.61,0.608,0.601,0.552,0.574,0.634,0.709,0.636,0.637,0.674,0.597,0.595,0.663,0.592,0.597,0.563,0.584,0.604,0.624,0.608,0.61,0.611,0.607,0.602,0.616,0.601,0.597,0.593,0.584,0.625,0.642,0.661,0.63,0.598,0.631,0.599,0.6,0.632,0.581,0.566,0.574,0.618,0.671,0.62,0.616,0.661,0.614,0.606,0.656,0.61,0.608,0.564,0.726,0.641,0.585,0.583,0.634,0.611,0.624,0.621,0.554,0.544,0.601,0.571,0.583,0.608,0.627,0.645,0.61,0.611,0.659,0.595,0.614,0.63,0.597,0.582,0.59,0.632,0.642,0.615,0.644,0.638,0.601,0.604,0.633,0.584,0.607,0.577,0.547,0.589,0.653,0.603,0.593,0.651,0.608,0.58,0.638,0.588,0.584,0.545,0.571,0.615,0.646,0.597,0.613,0.574,0.585,0.572,0.577,0.559,0.572,0.562,0.561,0.584,0.591,0.666,0.598,0.579,0.642,0.584,0.581,0.653,0.573,0.561,0.558,0.612,0.629,0.65,0.638,0.598,0.596,0.58,0.594,0.614,0.588,0.567,0.547,0.589,0.6,0.587,0.617,0.591,0.586,0.606,0.588,0.578,0.594,0.519,0.539,0.606,0.623,0.594,0.647,0.587,0.575,0.612,0.585,0.557,0.636,0.544,0.561,0.59,0.583,0.583,0.574,0.57,0.573,0.562,0.565,0.561,0.558,0.528,0.547,0.599,0.65,0.679,0.615,0.624,0.635,0.564,0.616,0.636,0.566,0.541,0.559,0.602,0.614,0.615,0.612,0.601,0.606,0.597,0.6,0.599,0.599,0.546,0.561,0.621,0.644,0.653,0.579,0.598,0.632,0.584,0.604,0.612,0.516,0.552,0.571,0.593,0.594,0.621,0.601,0.585,0.613,0.6,0.587,0.608,0.602,0.557,0.569,0.616,0.674,0.616,0.645,0.589,0.577,0.611,0.578,0.577,0.608,0.552,0.604,0.642,0.635,0.646,0.63,0.626,0.648,0.631,0.62,0.64,0.599,0.578,0.596,0.656,0.631,0.673,0.655,0.622,0.636,0.618,0.616,0.629,0.618,0.589,0.614,0.631,0.813,0.626,0.674,0.793,0.617,0.673,0.789,0.619,0.672,0.594,0.615,0.658,0.667,0.692,0.713,0.63,0.649,0.679,0.622,0.639,0.67,0.593
82,29,0.541,0.6,0.612,0.606,0.612,0.611,0.6,0.605,0.6,0.596,0.596,0.535,0.543,0.629,0.679,0.627,0.626,0.661,0.595,0.586,0.639,0.583,0.579,0.527,0.556,0.592,0.61,0.588,0.644,0.605,0.58,0.63,0.6,0.578,0.63,0.534,0.543,0.614,0.579,0.614,0.617,0.591,0.586,0.578,0.529,0.586,0.574,0.527,0.531,0.589,0.637,0.589,0.593,0.633,0.58,0.6,0.628,0.576,0.593,0.525,0.53,0.619,0.552,0.609,0.606,0.579,0.571,0.573,0.491,0.565,0.566,0.517,0.546,0.584,0.587,0.583,0.621,0.578,0.579,0.618,0.574,0.573,0.615,0.528,0.539,0.607,0.636,0.608,0.602,0.601,0.576,0.571,0.595,0.57,0.568,0.518,0.556,0.615,0.62,0.627,0.608,0.61,0.618,0.609,0.609,0.607,0.6,0.535,0.552,0.633,0.708,0.635,0.636,0.674,0.596,0.595,0.663,0.592,0.597,0.542,0.564,0.603,0.622,0.603,0.609,0.61,0.607,0.602,0.615,0.599,0.597,0.575,0.562,0.624,0.64,0.66,0.625,0.598,0.63,0.599,0.599,0.631,0.575,0.545,0.555,0.617,0.669,0.615,0.614,0.661,0.613,0.606,0.655,0.609,0.608,0.546,0.705,0.64,0.567,0.565,0.632,0.61,0.624,0.621,0.537,0.528,0.599,0.55,0.564,0.607,0.625,0.637,0.607,0.611,0.66,0.595,0.613,0.623,0.596,0.563,0.568,0.631,0.641,0.606,0.642,0.639,0.6,0.603,0.633,0.576,0.605,0.556,0.53,0.587,0.65,0.601,0.591,0.651,0.609,0.58,0.637,0.587,0.583,0.527,0.549,0.615,0.644,0.589,0.613,0.574,0.585,0.572,0.577,0.553,0.572,0.541,0.543,0.583,0.59,0.663,0.596,0.579,0.642,0.584,0.58,0.653,0.573,0.542,0.535,0.611,0.626,0.649,0.636,0.597,0.595,0.58,0.592,0.614,0.588,0.546,0.53,0.588,0.597,0.584,0.614,0.591,0.586,0.606,0.587,0.577,0.593,0.502,0.517,0.605,0.622,0.587,0.646,0.587,0.575,0.612,0.584,0.551,0.635,0.523,0.543,0.588,0.581,0.581,0.571,0.57,0.573,0.562,0.565,0.56,0.557,0.51,0.525,0.598,0.649,0.677,0.612,0.623,0.634,0.563,0.616,0.635,0.566,0.52,0.542,0.6,0.613,0.612,0.61,0.601,0.606,0.597,0.6,0.599,0.598,0.529,0.539,0.62,0.641,0.643,0.564,0.598,0.631,0.584,0.602,0.606,0.496,0.531,0.553,0.59,0.592,0.618,0.597,0.585,0.613,0.6,0.586,0.607,0.602,0.539,0.547,0.615,0.67,0.615,0.642,0.59,0.577,0.61,0.578,0.576,0.606,0.53,0.586,0.64,0.633,0.644,0.621,0.627,0.649,0.631,0.618,0.639,0.587,0.562,0.574,0.655,0.622,0.673,0.652,0.622,0.636,0.619,0.608,0.629,0.617,0.567,0.596,0.629,0.812,0.624,0.67,0.793,0.617,0.673,0.788,0.618,0.671,0.575,0.591,0.657,0.666,0.69,0.711,0.63,0.649,0.681,0.621,0.638,0.67,0.571
164,29,0.524,0.599,0.611,0.605,0.611,0.611,0.601,0.605,0.601,0.596,0.596,0.517,0.521,0.627,0.678,0.625,0.625,0.664,0.594,0.585,0.64,0.582,0.579,0.505,0.539,0.59,0.608,0.586,0.643,0.604,0.58,0.63,0.6,0.577,0.63,0.518,0.521,0.614,0.565,0.613,0.616,0.591,0.586,0.578,0.516,0.585,0.574,0.505,0.514,0.588,0.635,0.587,0.589,0.633,0.581,0.599,0.627,0.576,0.592,0.508,0.51,0.618,0.536,0.608,0.606,0.579,0.57,0.573,0.473,0.565,0.566,0.496,0.529,0.583,0.584,0.58,0.62,0.578,0.58,0.618,0.574,0.573,0.615,0.51,0.518,0.606,0.635,0.606,0.601,0.601,0.576,0.57,0.595,0.569,0.567,0.497,0.539,0.614,0.617,0.626,0.606,0.61,0.618,0.609,0.609,0.606,0.599,0.518,0.531,0.632,0.708,0.634,0.636,0.674,0.596,0.595,0.662,0.592,0.597,0.521,0.546,0.601,0.621,0.598,0.608,0.611,0.607,0.602,0.615,0.598,0.596,0.558,0.541,0.623,0.638,0.659,0.619,0.598,0.63,0.599,0.599,0.631,0.569,0.525,0.538,0.616,0.668,0.61,0.613,0.661,0.613,0.606,0.655,0.608,0.608,0.529,0.685,0.639,0.551,0.549,0.631,0.61,0.623,0.621,0.521,0.512,0.599,0.529,0.545,0.605,0.624,0.629,0.606,0.611,0.659,0.595,0.613,0.616,0.596,0.545,0.546,0.63,0.64,0.597,0.641,0.638,0.6,0.603,0.633,0.568,0.604,0.535,0.513,0.586,0.648,0.6,0.59,0.651,0.608,0.58,0.636,0.587,0.583,0.511,0.527,0.614,0.644,0.581,0.612,0.574,0.585,0.572,0.577,0.546,0.571,0.52,0.526,0.582,0.589,0.662,0.595,0.579,0.642,0.584,0.58,0.653,0.572,0.525,0.514,0.61,0.624,0.648,0.634,0.597,0.594,0.581,0.592,0.613,0.587,0.524,0.514,0.587,0.595,0.582,0.613,0.591,0.586,0.606,0.587,0.577,0.593,0.486,0.497,0.604,0.621,0.581,0.645,0.587,0.575,0.612,0.584,0.546,0.635,0.502,0.526,0.587,0.58,0.58,0.57,0.569,0.574,0.562,0.565,0.56,0.557,0.493,0.504,0.597,0.649,0.676,0.611,0.623,0.633,0.563,0.616,0.634,0.565,0.5,0.526,0.599,0.612,0.61,0.609,0.601,0.606,0.597,0.599,0.598,0.598,0.512,0.519,0.618,0.64,0.633,0.549,0.597,0.631,0.583,0.601,0.599,0.478,0.51,0.535,0.588,0.592,0.616,0.593,0.585,0.613,0.6,0.586,0.606,0.601,0.522,0.526,0.614,0.667,0.614,0.64,0.59,0.577,0.61,0.578,0.576,0.605,0.509,0.569,0.638,0.631,0.642,0.614,0.627,0.649,0.63,0.617,0.639,0.575,0.545,0.554,0.654,0.612,0.67,0.651,0.622,0.635,0.619,0.599,0.628,0.618,0.545,0.577,0.628,0.81,0.621,0.667,0.793,0.617,0.673,0.788,0.618,0.671,0.558,0.569,0.656,0.665,0.689,0.711,0.63,0.648,0.681,0.621,0.638,0.669,0.549
246,29,0.508,0.598,0.61,0.604,0.61,0.611,0.6,0.605,0.6,0.595,0.596,0.501,0.5,0.626,0.676,0.623,0.624,0.667,0.594,0.585,0.64,0.58,0.579,0.484,0.522,0.589,0.607,0.584,0.642,0.605,0.58,0.63,0.6,0.577,0.629,0.501,0.501,0.613,0.551,0.612,0.615,0.59,0.586,0.578,0.503,0.585,0.573,0.484,0.498,0.587,0.635,0.586,0.585,0.634,0.581,0.599,0.627,0.575,0.592,0.492,0.49,0.617,0.521,0.608,0.605,0.579,0.571,0.573,0.455,0.564,0.566,0.477,0.511,0.583,0.583,0.578,0.618,0.578,0.579,0.618,0.573,0.572,0.615,0.494,0.499,0.606,0.634,0.604,0.599,0.6,0.576,0.571,0.595,0.568,0.565,0.478,0.523,0.613,0.613,0.625,0.604,0.612,0.618,0.609,0.609,0.606,0.599,0.502,0.511,0.631,0.707,0.633,0.635,0.674,0.596,0.595,0.662,0.592,0.597,0.501,0.529,0.6,0.619,0.593,0.607,0.611,0.607,0.602,0.615,0.597,0.596,0.541,0.521,0.623,0.638,0.658,0.614,0.598,0.63,0.599,0.599,0.63,0.563,0.505,0.52,0.615,0.667,0.605,0.612,0.661,0.613,0.606,0.655,0.608,0.607,0.512,0.665,0.638,0.534,0.532,0.629,0.61,0.624,0.622,0.506,0.496,0.598,0.509,0.527,0.604,0.623,0.622,0.605,0.611,0.66,0.596,0.613,0.611,0.596,0.528,0.525,0.629,0.64,0.588,0.64,0.638,0.6,0.603,0.632,0.559,0.603,0.515,0.497,0.586,0.646,0.599,0.589,0.651,0.609,0.581,0.637,0.587,0.582,0.495,0.507,0.613,0.643,0.574,0.612,0.574,0.586,0.572,0.577,0.539,0.571,0.499,0.509,0.581,0.588,0.661,0.594,0.579,0.642,0.584,0.579,0.653,0.572,0.51,0.492,0.609,0.621,0.647,0.632,0.597,0.594,0.581,0.591,0.613,0.587,0.504,0.498,0.587,0.593,0.579,0.612,0.591,0.586,0.606,0.587,0.576,0.592,0.47,0.477,0.604,0.619,0.575,0.645,0.587,0.574,0.612,0.583,0.541,0.635,0.483,0.509,0.587,0.578,0.58,0.568,0.57,0.574,0.562,0.565,0.56,0.558,0.477,0.484,0.596,0.647,0.674,0.611,0.623,0.632,0.563,0.615,0.633,0.565,0.48,0.509,0.598,0.611,0.608,0.607,0.601,0.606,0.597,0.599,0.598,0.598,0.495,0.499,0.618,0.638,0.624,0.535,0.597,0.631,0.583,0.6,0.593,0.46,0.49,0.518,0.587,0.59,0.615,0.589,0.585,0.613,0.6,0.586,0.605,0.601,0.505,0.506,0.613,0.663,0.613,0.638,0.591,0.577,0.61,0.577,0.576,0.604,0.489,0.552,0.637,0.631,0.641,0.605,0.627,0.648,0.63,0.617,0.638,0.565,0.528,0.533,0.653,0.603,0.669,0.651,0.622,0.636,0.619,0.591,0.627,0.617,0.524,0.559,0.627,0.809,0.62,0.665,0.793,0.617,0.673,0.787,0.618,0.67,0.54,0.548,0.655,0.664,0.688,0.71,0.63,0.648,0.681,0.62,0.637,0.669,0.527
328,29,0.491,0.597,0.609,0.603,0.608,0.61,0.6,0.604,0.599,0.595,0.595,0.485,0.48,0.625,0.675,0.622,0.622,0.67,0.594,0.585,0.641,0.579,0.578,0.465,0.505,0.588,0.605,0.581,0.641,0.604,0.58,0.63,0.6,0.577,0.629,0.485,0.481,0.611,0.537,0.611,0.614,0.59,0.586,0.578,0.49,0.584,0.573,0.464,0.482,0.586,0.634,0.585,0.582,0.633,0.58,0.598,0.627,0.575,0.591,0.476,0.472,0.616,0.505,0.607,0.604,0.579,0.571,0.573,0.438,0.564,0.566,0.457,0.494,0.581,0.581,0.576,0.617,0.578,0.579,0.618,0.573,0.572,0.614,0.477,0.479,0.605,0.633,0.602,0.597,0.6,0.576,0.57,0.595,0.567,0.564,0.458,0.506,0.612,0.611,0.625,0.602,0.611,0.618,0.609,0.608,0.606,0.599,0.486,0.492,0.63,0.707,0.631,0.634,0.674,0.596,0.594,0.662,0.591,0.596,0.482,0.512,0.599,0.618,0.589,0.606,0.61,0.607,0.602,0.614,0.597,0.596,0.525,0.501,0.621,0.637,0.657,0.612,0.598,0.63,0.599,0.599,0.63,0.556,0.485,0.504,0.614,0.666,0.601,0.611,0.661,0.613,0.606,0.654,0.607,0.607,0.496,0.644,0.637,0.518,0.516,0.628,0.61,0.624,0.622,0.49,0.481,0.597,0.49,0.51,0.604,0.622,0.614,0.604,0.611,0.659,0.595,0.612,0.604,0.595,0.511,0.505,0.628,0.639,0.58,0.639,0.639,0.6,0.603,0.632,0.551,0.602,0.495,0.481,0.585,0.645,0.598,0.588,0.651,0.609,0.581,0.636,0.586,0.583,0.479,0.488,0.612,0.642,0.566,0.611,0.574,0.586,0.572,0.576,0.533,0.571,0.48,0.493,0.581,0.586,0.66,0.593,0.579,0.642,0.584,0.579,0.653,0.571,0.494,0.473,0.608,0.618,0.646,0.63,0.597,0.593,0.581,0.59,0.612,0.586,0.485,0.483,0.586,0.591,0.576,0.61,0.591,0.586,0.606,0.587,0.576,0.591,0.454,0.458,0.603,0.618,0.568,0.644,0.587,0.574,0.612,0.583,0.536,0.635,0.464,0.494,0.586,0.577,0.579,0.567,0.569,0.574,0.562,0.564,0.559,0.557,0.462,0.465,0.595,0.646,0.672,0.61,0.623,0.632,0.562,0.615,0.632,0.565,0.461,0.494,0.597,0.61,0.607,0.605,0.601,0.606,0.596,0.599,0.597,0.597,0.479,0.479,0.617,0.635,0.614,0.52,0.596,0.631,0.582,0.599,0.587,0.443,0.471,0.501,0.586,0.589,0.613,0.584,0.585,0.613,0.6,0.585,0.604,0.601,0.489,0.486,0.612,0.66,0.612,0.636,0.591,0.577,0.61,0.577,0.575,0.603,0.469,0.535,0.635,0.63,0.64,0.597,0.626,0.648,0.63,0.616,0.638,0.553,0.512,0.514,0.652,0.594,0.668,0.649,0.622,0.635,0.619,0.582,0.627,0.616,0.504,0.541,0.626,0.809,0.618,0.663,0.792,0.616,0.673,0.787,0.617,0.67,0.523,0.527,0.654,0.663,0.686,0.709,0.63,0.648,0.682,0.62,0.637,0.669,0.508
410,29,0.476,0.596,0.608,0.602,0.607,0.61,0.6,0.604,0.599,0.595,0.595,0.469,0.462,0.624,0.674,0.621,0.621,0.672,0.594,0.585,0.642,0.578,0.578,0.446,0.488,0.587,0.603,0.579,0.64,0.604,0.58,0.629,0.599,0.577,0.629,0.47,0.462,0.61,0.524,0.61,0.613,0.59,0.586,0.578,0.477,0.583,0.573,0.446,0.466,0.585,0.633,0.584,0.579,0.633,0.58,0.598,0.626,0.575,0.59,0.462,0.454,0.615,0.49,0.606,0.602,0.579,0.57,0.573,0.422,0.563,0.566,0.439,0.478,0.58,0.579,0.573,0.616,0.577,0.579,0.618,0.573,0.572,0.614,0.462,0.461,0.604,0.632,0.601,0.596,0.599,0.576,0.57,0.594,0.566,0.563,0.44,0.491,0.611,0.608,0.624,0.601,0.611,0.618,0.609,0.608,0.606,0.598,0.471,0.474,0.63,0.707,0.63,0.635,0.674,0.596,0.594,0.662,0.591,0.596,0.464,0.495,0.598,0.617,0.584,0.605,0.61,0.606,0.602,0.614,0.596,0.595,0.509,0.483,0.62,0.636,0.656,0.603,0.598,0.63,0.598,0.598,0.63,0.55,0.467,0.488,0.613,0.665,0.596,0.61,0.661,0.613,0.606,0.654,0.606,0.607,0.48,0.627,0.636,0.503,0.5,0.627,0.609,0.624,0.622,0.475,0.466,0.596,0.471,0.493,0.603,0.62,0.607,0.603,0.611,0.659,0.595,0.611,0.598,0.595,0.495,0.486,0.627,0.638,0.571,0.637,0.637,0.6,0.603,0.632,0.543,0.601,0.476,0.466,0.584,0.643,0.597,0.587,0.651,0.608,0.581,0.636,0.586,0.582,0.464,0.47,0.611,0.641,0.558,0.611,0.574,0.586,0.572,0.576,0.526,0.571,0.461,0.477,0.58,0.585,0.658,0.592,0.579,0.642,0.583,0.579,0.653,0.571,0.478,0.454,0.607,0.616,0.645,0.628,0.597,0.592,0.58,0.589,0.612,0.586,0.466,0.468,0.585,0.588,0.573,0.609,0.59,0.585,0.606,0.587,0.576,0.591,0.439,0.44,0.602,0.617,0.563,0.643,0.587,0.574,0.612,0.583,0.531,0.634,0.446,0.478,0.585,0.576,0.578,0.566,0.569,0.574,0.562,0.564,0.559,0.557,0.446,0.446,0.594,0.645,0.671,0.609,0.623,0.631,0.563,0.615,0.631,0.565,0.443,0.479,0.597,0.609,0.605,0.604,0.6,0.605,0.596,0.599,0.597,0.597,0.464,0.461,0.616,0.633,0.605,0.506,0.596,0.632,0.581,0.598,0.581,0.426,0.453,0.485,0.585,0.589,0.611,0.58,0.585,0.613,0.6,0.585,0.603,0.6,0.473,0.468,0.612,0.657,0.611,0.633,0.591,0.577,0.61,0.577,0.575,0.602,0.451,0.519,0.635,0.629,0.638,0.589,0.626,0.648,0.629,0.616,0.638,0.542,0.496,0.495,0.651,0.584,0.667,0.649,0.622,0.635,0.618,0.573,0.627,0.616,0.485,0.524,0.625,0.808,0.616,0.661,0.792,0.616,0.673,0.786,0.617,0.67,0.507,0.508,0.653,0.662,0.685,0.709,0.629,0.647,0.682,0.62,0.636,0.668,0.489
492,29,0.461,0.595,0.607,0.601,0.606,0.61,0.6,0.604,0.599,0.594,0.595,0.455,0.444,0.623,0.672,0.62,0.62,0.675,0.594,0.585,0.642,0.577,0.578,0.428,0.473,0.586,0.601,0.577,0.638,0.604,0.579,0.629,0.599,0.576,0.628,0.455,0.444,0.609,0.51,0.609,0.611,0.59,0.586,0.578,0.464,0.583,0.572,0.428,0.452,0.585,0.632,0.583,0.576,0.633,0.58,0.597,0.626,0.574,0.589,0.447,0.437,0.614,0.476,0.605,0.601,0.578,0.57,0.573,0.407,0.562,0.565,0.422,0.462,0.58,0.578,0.572,0.616,0.578,0.579,0.617,0.572,0.571,0.614,0.447,0.444,0.603,0.631,0.599,0.593,0.599,0.575,0.57,0.594,0.565,0.562,0.424,0.476,0.611,0.606,0.623,0.599,0.611,0.618,0.609,0.608,0.605,0.598,0.456,0.456,0.628,0.706,0.629,0.634,0.674,0.595,0.594,0.662,0.591,0.596,0.446,0.479,0.597,0.616,0.58,0.604,0.61,0.606,0.602,0.613,0.596,0.595,0.494,0.465,0.619,0.636,0.655,0.598,0.598,0.63,0.598,0.598,0.629,0.544,0.45,0.472,0.612,0.663,0.592,0.609,0.66,0.613,0.606,0.654,0.606,0.607,0.465,0.61,0.636,0.487,0.485,0.625,0.609,0.624,0.621,0.461,0.452,0.596,0.453,0.477,0.603,0.619,0.599,0.602,0.611,0.659,0.595,0.611,0.592,0.595,0.48,0.468,0.626,0.637,0.562,0.636,0.637,0.6,0.603,0.631,0.535,0.6,0.458,0.451,0.583,0.641,0.596,0.586,0.65,0.608,0.58,0.636,0.586,0.582,0.45,0.452,0.61,0.64,0.55,0.61,0.574,0.586,0.571,0.576,0.519,0.57,0.443,0.462,0.579,0.584,0.657,0.591,0.579,0.643,0.583,0.579,0.652,0.571,0.464,0.436,0.607,0.614,0.644,0.627,0.597,0.592,0.58,0.589,0.611,0.585,0.449,0.454,0.585,0.586,0.57,0.607,0.59,0.585,0.606,0.587,0.576,0.59,0.425,0.422,0.601,0.616,0.556,0.642,0.587,0.574,0.611,0.582,0.526,0.634,0.429,0.463,0.584,0.575,0.577,0.564,0.569,0.573,0.561,0.563,0.559,0.557,0.431,0.429,0.593,0.644,0.67,0.609,0.622,0.63,0.563,0.614,0.631,0.564,0.425,0.464,0.596,0.608,0.604,0.603,0.6,0.605,0.596,0.599,0.597,0.597,0.449,0.444,0.615,0.631,0.595,0.492,0.597,0.631,0.581,0.597,0.575,0.411,0.435,0.47,0.584,0.587,0.61,0.576,0.585,0.613,0.6,0.585,0.602,0.6,0.458,0.45,0.61,0.654,0.61,0.631,0.592,0.576,0.61,0.576,0.575,0.601,0.434,0.504,0.634,0.628,0.638,0.581,0.626,0.648,0.628,0.616,0.637,0.531,0.481,0.477,0.65,0.574,0.666,0.648,0.622,0.635,0.618,0.565,0.627,0.616,0.467,0.508,0.625,0.806,0.615,0.659,0.792,0.616,0.673,0.786,0.617,0.669,0.491,0.489,0.653,0.661,0.683,0.708,0.629,0.647,0.682,0.62,0.636,0.668,0.47
574,29,0.447,0.595,0.606,0.6,0.604,0.61,0.6,0.604,0.598,0.594,0.594,0.441,0.427,0.622,0.671,0.619,0.619,0.676,0.593,0.584,0.642,0.576,0.577,0.412,0.458,0.585,0.6,0.574,0.637,0.604,0.579,0.629,0.598,0.576,0.628,0.441,0.426,0.608,0.497,0.608,0.61,0.589,0.586,0.577,0.452,0.582,0.572,0.412,0.438,0.584,0.632,0.582,0.573,0.633,0.579,0.596,0.626,0.574,0.588,0.434,0.422,0.613,0.462,0.604,0.6,0.578,0.57,0.573,0.393,0.563,0.565,0.406,0.447,0.579,0.576,0.571,0.614,0.577,0.579,0.617,0.572,0.571,0.613,0.433,0.428,0.602,0.63,0.597,0.591,0.598,0.575,0.569,0.593,0.564,0.56,0.407,0.461,0.61,0.603,0.623,0.597,0.611,0.617,0.608,0.607,0.605,0.598,0.442,0.44,0.628,0.706,0.628,0.633,0.674,0.595,0.594,0.661,0.59,0.596,0.43,0.464,0.596,0.615,0.575,0.603,0.61,0.606,0.602,0.613,0.595,0.595,0.479,0.449,0.619,0.635,0.654,0.592,0.597,0.63,0.597,0.598,0.629,0.538,0.433,0.457,0.611,0.662,0.587,0.608,0.66,0.613,0.606,0.653,0.605,0.606,0.45,0.594,0.635,0.472,0.471,0.624,0.609,0.623,0.621,0.447,0.438,0.595,0.436,0.461,0.601,0.618,0.592,0.601,0.611,0.659,0.595,0.61,0.585,0.595,0.465,0.451,0.625,0.637,0.553,0.635,0.638,0.6,0.602,0.631,0.527,0.598,0.441,0.437,0.583,0.64,0.595,0.585,0.65,0.608,0.58,0.636,0.586,0.582,0.436,0.436,0.61,0.639,0.542,0.61,0.573,0.586,0.571,0.576,0.512,0.57,0.427,0.448,0.578,0.583,0.655,0.59,0.579,0.643,0.583,0.578,0.652,0.571,0.451,0.419,0.606,0.611,0.643,0.626,0.597,0.591,0.579,0.588,0.611,0.585,0.432,0.441,0.584,0.584,0.568,0.606,0.59,0.585,0.605,0.587,0.576,0.589,0.411,0.406,0.6,0.615,0.551,0.641,0.586,0.574,0.611,0.582,0.521,0.634,0.413,0.448,0.583,0.574,0.577,0.563,0.569,0.573,0.561,0.563,0.558,0.556,0.418,0.413,0.592,0.642,0.668,0.608,0.622,0.629,0.562,0.614,0.629,0.564,0.41,0.451,0.595,0.607,0.602,0.601,0.6,0.605,0.596,0.598,0.597,0.597,0.435,0.427,0.614,0.629,0.586,0.479,0.597,0.631,0.58,0.596,0.569,0.396,0.419,0.455,0.583,0.586,0.608,0.572,0.585,0.613,0.6,0.584,0.602,0.6,0.443,0.433,0.61,0.652,0.609,0.629,0.592,0.576,0.609,0.576,0.574,0.6,0.417,0.488,0.633,0.627,0.637,0.572,0.626,0.648,0.626,0.615,0.637,0.52,0.467,0.46,0.649,0.565,0.665,0.647,0.622,0.635,0.618,0.557,0.626,0.615,0.449,0.492,0.624,0.806,0.613,0.656,0.791,0.616,0.672,0.786,0.616,0.669,0.475,0.47,0.651,0.661,0.682,0.708,0.629,0.647,0.683,0.619,0.635,0.668,0.453
656,29,0.433,0.594,0.605,0.599,0.603,0.61,0.6,0.604,0.598,0.594,0.594,0.427,0.411,0.622,0.67,0.617,0.618,0.677,0.593,0.584,0.643,0.575,0.577,0.396,0.443,0.585,0.599,0.572,0.637,0.604,0.579,0.629,0.598,0.576,0.628,0.427,0.411,0.607,0.485,0.606,0.609,0.589,0.585,0.578,0.44,0.582,0.572,0.397,0.425,0.583,0.631,0.581,0.571,0.633,0.579,0.596,0.626,0.574,0.588,0.421,0.406,0.612,0.449,0.603,0.598,0.578,0.57,0.573,0.38,0.562,0.565,0.391,0.433,0.578,0.575,0.569,0.614,0.577,0.578,0.617,0.572,0.571,0.613,0.42,0.412,0.601,0.629,0.596,0.59,0.598,0.575,0.569,0.593,0.563,0.559,0.393,0.447,0.609,0.601,0.622,0.595,0.61,0.617,0.608,0.607,0.605,0.598,0.429,0.424,0.627,0.705,0.627,0.632,0.673,0.595,0.594,0.661,0.59,0.595,0.414,0.449,0.596,0.614,0.571,0.603,0.61,0.606,0.602,0.613,0.595,0.595,0.466,0.433,0.618,0.634,0.653,0.587,0.597,0.63,0.597,0.597,0.629,0.532,0.418,0.443,0.61,0.661,0.582,0.607,0.66,0.613,0.605,0.653,0.604,0.606,0.436,0.577,0.634,0.458,0.457,0.622,0.609,0.623,0.621,0.434,0.424,0.594,0.42,0.447,0.6,0.617,0.585,0.6,0.611,0.659,0.595,0.61,0.579,0.594,0.451,0.434,0.625,0.636,0.545,0.634,0.639,0.6,0.602,0.63,0.519,0.597,0.425,0.424,0.582,0.638,0.594,0.584,0.65,0.607,0.58,0.636,0.585,0.581,0.423,0.421,0.609,0.638,0.535,0.609,0.573,0.586,0.571,0.575,0.505,0.57,0.412,0.434,0.577,0.582,0.654,0.589,0.579,0.643,0.583,0.578,0.652,0.571,0.437,0.404,0.605,0.609,0.642,0.625,0.597,0.591,0.578,0.587,0.61,0.584,0.417,0.427,0.583,0.582,0.565,0.604,0.59,0.585,0.605,0.586,0.575,0.589,0.398,0.392,0.599,0.614,0.545,0.641,0.586,0.574,0.611,0.581,0.517,0.634,0.398,0.434,0.582,0.572,0.576,0.561,0.569,0.572,0.561,0.563,0.558,0.556,0.405,0.398,0.591,0.641,0.667,0.607,0.622,0.628,0.563,0.614,0.628,0.564,0.395,0.438,0.594,0.606,0.601,0.6,0.6,0.605,0.595,0.598,0.596,0.596,0.421,0.412,0.614,0.627,0.576,0.465,0.597,0.631,0.579,0.594,0.562,0.382,0.404,0.44,0.583,0.585,0.607,0.568,0.584,0.612,0.6,0.584,0.601,0.6,0.429,0.417,0.609,0.649,0.608,0.627,0.592,0.576,0.609,0.576,0.574,0.599,0.402,0.474,0.632,0.626,0.636,0.564,0.625,0.647,0.626,0.615,0.637,0.509,0.453,0.443,0.648,0.556,0.664,0.646,0.621,0.635,0.618,0.549,0.626,0.615,0.432,0.476,0.623,0.805,0.612,0.655,0.791,0.616,0.672,0.786,0.616,0.669,0.461,0.454,0.651,0.659,0.681,0.707,0.628,0.647,0.682,0.619,0.635,0.667,0.436
